<?xml version="1.0" ?>
<annotation>
<folder>VOC2007</folder>
<filename>img_018461_007</filename>
<source>
<database>The VOC2007 Database</database>
<annotation>PASCAL VOC2007</annotation>
<image>flickr</image>
<flickrid>322409915</flickrid>
</source>
<owner>
<flickrid>knautia</flickrid>
<name>yang</name>
</owner>
<size>
<width>&lt;DOM Element: width at 0x14eac13f470&gt;</width>
<height>&lt;DOM Element: height at 0x14eac13f638&gt;</height>
<depth>3</depth>
</size>
<segmented>0</segmented>
<object>
<name>black</name>
<pose>Unspecified</pose>
<truncated>1</truncated>
<difficult>0</difficult>
<bndbox>
<xmin>182</xmin>
<ymin>111</ymin>
<xmax>214</xmax>
<ymax>143</ymax>
</bndbox>
</object>
<object>
<name>black</name>
<pose>Unspecified</pose>
<truncated>1</truncated>
<difficult>0</difficult>
<bndbox>
<xmin>217</xmin>
<ymin>217</ymin>
<xmax>249</xmax>
<ymax>249</ymax>
</bndbox>
</object>
<object>
<name>black</name>
<pose>Unspecified</pose>
<truncated>1</truncated>
<difficult>0</difficult>
<bndbox>
<xmin>217</xmin>
<ymin>182</ymin>
<xmax>249</xmax>
<ymax>214</ymax>
</bndbox>
</object>
<object>
<name>black</name>
<pose>Unspecified</pose>
<truncated>1</truncated>
<difficult>0</difficult>
<bndbox>
<xmin>323</xmin>
<ymin>182</ymin>
<xmax>355</xmax>
<ymax>214</ymax>
</bndbox>
</object>
<object>
<name>black</name>
<pose>Unspecified</pose>
<truncated>1</truncated>
<difficult>0</difficult>
<bndbox>
<xmin>146</xmin>
<ymin>359</ymin>
<xmax>178</xmax>
<ymax>391</ymax>
</bndbox>
</object>
<object>
<name>black</name>
<pose>Unspecified</pose>
<truncated>1</truncated>
<difficult>0</difficult>
<bndbox>
<xmin>253</xmin>
<ymin>217</ymin>
<xmax>285</xmax>
<ymax>249</ymax>
</bndbox>
</object>
<object>
<name>black</name>
<pose>Unspecified</pose>
<truncated>1</truncated>
<difficult>0</difficult>
<bndbox>
<xmin>146</xmin>
<ymin>288</ymin>
<xmax>178</xmax>
<ymax>320</ymax>
</bndbox>
</object>
<object>
<name>white</name>
<pose>Unspecified</pose>
<truncated>1</truncated>
<difficult>0</difficult>
<bndbox>
<xmin>253</xmin>
<ymin>253</ymin>
<xmax>285</xmax>
<ymax>285</ymax>
</bndbox>
</object>
<object>
<name>white</name>
<pose>Unspecified</pose>
<truncated>1</truncated>
<difficult>0</difficult>
<bndbox>
<xmin>217</xmin>
<ymin>288</ymin>
<xmax>249</xmax>
<ymax>320</ymax>
</bndbox>
</object>
<object>
<name>white</name>
<pose>Unspecified</pose>
<truncated>1</truncated>
<difficult>0</difficult>
<bndbox>
<xmin>288</xmin>
<ymin>217</ymin>
<xmax>320</xmax>
<ymax>249</ymax>
</bndbox>
</object>
<object>
<name>white</name>
<pose>Unspecified</pose>
<truncated>1</truncated>
<difficult>0</difficult>
<bndbox>
<xmin>182</xmin>
<ymin>323</ymin>
<xmax>214</xmax>
<ymax>355</ymax>
</bndbox>
</object>
<object>
<name>white</name>
<pose>Unspecified</pose>
<truncated>1</truncated>
<difficult>0</difficult>
<bndbox>
<xmin>253</xmin>
<ymin>288</ymin>
<xmax>285</xmax>
<ymax>320</ymax>
</bndbox>
</object>
<object>
<name>white</name>
<pose>Unspecified</pose>
<truncated>1</truncated>
<difficult>0</difficult>
<bndbox>
<xmin>182</xmin>
<ymin>288</ymin>
<xmax>214</xmax>
<ymax>320</ymax>
</bndbox>
</object>
<object>
<name>white</name>
<pose>Unspecified</pose>
<truncated>1</truncated>
<difficult>0</difficult>
<bndbox>
<xmin>182</xmin>
<ymin>253</ymin>
<xmax>214</xmax>
<ymax>285</ymax>
</bndbox>
</object>
</annotation>
